"Prompt","Agent"
"Generate a story about a hero","Creative Agent"
"What is the function of the heart in the circulatory system?","Knowledge Agent"
"How do I automate my daily tasks using scripts?","Task Agent"
"Can you help me write a mystery story?","Creative Agent"
"What is the function of the liver in the human body?","Knowledge Agent"
"How do I set up a local API server?","Programming Agent"
"Can you help me write a fantasy story?","Creative Agent"
"What is the function of the kidneys?","Knowledge Agent"
"How do I automate file organization?","Task Agent"
"Can you help me write a horror story?","Creative Agent"
"What is the function of the nervous system?","Knowledge Agent"
"How do I use Python for data analysis?","Programming Agent"
"Can you help me write a science fiction story?","Creative Agent"
"What is the function of the stomach?","Knowledge Agent"
"How do I automate my daily tasks using scripts?","Task Agent"
"Can you help me write a romantic story?","Creative Agent"
"What is the function of the skin?","Knowledge Agent"
"How do I set up a local Python development environment?","Programming Agent"
"Can you help me write a fairy tale?","Creative Agent"
"What is the function of the heart in the circulatory system?","Knowledge Agent"
"How do I automate my personal tasks using scripts?","Task Agent"
"Can you help me write a story with a happy ending?","Creative Agent"
"What is the function of the brainstem?","Knowledge Agent"
"How do I install a local server using Python?","Programming Agent"
"Can you help me write a story with a twist?","Creative Agent"
"What is the function of the digestive system?","Knowledge Agent"
"How do I automate my daily tasks using batch scripts?","Task Agent"
"Can you help me write a story with a moral?","Creative Agent"
"What is the function of the respiratory system?","Knowledge Agent"
"How do I set up a local Python API server?","Programming Agent"
"Can you help me write a story with a unique setting?","Creative Agent"
"What is the function of the circulatory system?","Knowledge Agent"
"How do I automate my personal tasks using scripts?","Task Agent"
"Can you help me write a story with a unique plot?","Creative Agent"
"What is the function of the excretory system?","Knowledge Agent"
"How do I install a local web framework like Flask?","Programming Agent"
"Can you help me write a story about a time traveler?","Creative Agent"
"What is the function of the muscular system?","Knowledge Agent"
"How do I set up a local Python environment for development?","Programming Agent"
"Can you help me write a story with a strong protagonist?","Creative Agent"
"What is the function of the skeletal system?","Knowledge Agent"
"How do I use Python for automation?","Programming Agent"
"Can you help me write a story with a unique plot?","Creative Agent"
"What is the function of the endocrine system?","Knowledge Agent"
"How do I set up a local Python web server?","Programming Agent"
"Can you help me write a story with a moral lesson?","Creative Agent"
"What is the function of the urinary system?","Knowledge Agent"
"How do I use Python to manage files?","Programming Agent"
"Can you help me write a story with a twist ending?","Creative Agent"
"What is the function of the nervous system in humans?","Knowledge Agent"
"How do I use Python to create a script?","Programming Agent"
"Can you help me write a story with a unique setting?","Creative Agent"
"What is the function of the digestive system in humans?","Knowledge Agent"
"How do I use Python to create a simple script?","Programming Agent"
"Can you help me write a story with a strong theme?","Creative Agent"
"What is the function of the respiratory system in humans?","Knowledge Agent"
"How do I use Python to manage tasks?","Task Agent"
"Can you help me write a story with a unique protagonist?","Creative Agent"
"What is the function of the circulatory system in humans?","Knowledge Agent"
"How do I use Python to manage my workflow?","Task Agent"
"Can you help me write a story with a unique narrative style?","Creative Agent"
"What is the function of the excretory system in humans?","Knowledge Agent"
"How do I use Python to manage my time?","Task Agent"
"Can you help me write a story with a unique twist?","Creative Agent"
"What is the function of the muscular system in humans?","Knowledge Agent"
"How do I use Python to create a simple web server?","Programming Agent"
"Can you help me write a story with a unique ending?","Creative Agent"
"What is the function of the skeletal system in humans?","Knowledge Agent"
"How do I use Python to manage my projects?","Task Agent"
"Can you help me write a story with a unique theme?","Creative Agent"
"What is the function of the endocrine system in humans?","Knowledge Agent"
"How do I use Python to manage my tasks?","Task Agent"
"Can you help me write a story with a unique character?","Creative Agent"
"What is the function of the urinary system in humans?","Knowledge Agent"
"How do I use Python to manage my files and folders?","Task Agent"
"Can you help me write a story with a unique plot and setting?","Creative Agent"
"What is the function of the nervous system in humans?","Knowledge Agent"
"How do I use Python to manage my workflow?","Task Agent"
"Can you help me write a story with a unique tone and style?","Creative Agent"
"What is the function of the digestive system in humans?","Knowledge Agent"
"How do I use Python to manage my personal tasks?","Task Agent"
"Can you help me write a story with a unique narrative voice?","Creative Agent"
"What is the function of the respiratory system in humans?","Knowledge Agent"
"How do I use Python to manage my tasks?","Task Agent"
"Can you help me write a story with a unique setting and character?","Creative Agent"
"What is the function of the circulatory system in humans?","Knowledge Agent"
"How do I use Python to manage my files?","Task Agent"
"Can you help me write a story with a unique tone and plot?","Creative Agent"
"What is the function of the excretory system in humans?","Knowledge Agent"
"How do I use Python to manage my workflow?","Task Agent"
"Can you help me write a story with a unique setting and character arc?","Creative Agent"
"What is the function of the muscular system in humans?","Knowledge Agent"
"How do I use Python to manage my projects?","Task Agent"
"Can you help me write a story with a unique setting and plot?","Creative Agent"
"What is the function of the skeletal system in humans?","Knowledge Agent"
"How do I use Python to manage my personal tasks?","Task Agent"
"Can you help me write a story with a unique tone and style?","Creative Agent"
"What is the function of the endocrine system in humans?","Knowledge Agent"
"How do I use Python to manage my tasks?","Task Agent"
"Can you help me write a story with a unique setting and character arc?","Creative Agent"
"What is the function of the urinary system in humans?","Knowledge Agent"
"How do I use Python to manage my files and folders?","Task Agent"
"Can you help me write a story with a unique setting and theme?","Creative Agent"
"What is the function of the nervous system in humans?","Knowledge Agent"
"How do I use Python to manage my workflow?","Task Agent"
"Can you help me write a story with a unique setting and plot?","Creative Agent"
"What is the function of the digestive system in humans?","Knowledge Agent"
"How do I use Python to manage my tasks?","Task Agent"
"Can you help me write a story with a unique setting and tone?","Creative Agent"
"What is the function of the respiratory system in humans?","Knowledge Agent"
"How do I use Python to manage my personal tasks?","Task Agent"
"Can you help me write a story with a unique setting and character?","Creative Agent"
"What is the function of the circulatory system in humans?","Knowledge Agent"
"How do I use Python to manage my files?","Task Agent"
"Can you help me write a story with a unique setting and plot?","Creative Agent"
"What is the function of the excretory system in humans?","Knowledge Agent"
"How do I use Python to manage my workflow?","Task Agent"
"Can you help me write a story with a unique setting and theme?","Creative Agent"
"What is the function of the muscular system in humans?","Knowledge Agent"
"How do I use Python to manage my tasks?","Task Agent"
"Can you help me write a story with a unique setting and character arc?","Creative Agent"
"What is the function of the skeletal system in humans?","Knowledge Agent"
"How do I use Python to manage my projects?","Task Agent"
"Can you help me write a story with a unique setting and tone?","Creative Agent"
"What is the function of the endocrine system in humans?","Knowledge Agent"
"How do I use Python to manage my personal tasks?","Task Agent"
"Can you help me write a story with a unique setting and plot?","Creative Agent"
"What is the function of the urinary system in humans?","Knowledge Agent"
"How do I use Python to manage my files and folders?","Task Agent"
"Can you help me write a story with a unique setting and theme?","Creative Agent"